{"nodes": [6, 7, 6, 6, 6, 8, 6, 6, 6, 1, 1, 1, 1, 1, 1, 1], "num_nodes": 16, "edges": [[0, 1], [0, 2], [0, 3], [0, 4], [0, 5], [0, 6], [0, 7], [0, 8], [0, 9], [0, 10], [0, 11], [0, 12], [0, 13], [0, 14], [0, 15], [1, 0], [1, 2], [1, 3], [1, 4], [1, 5], [1, 6], [1, 7], [1, 8], [1, 9], [1, 10], [1, 11], [1, 12], [1, 13], [1, 14], [1, 15], [2, 0], [2, 1], [2, 3], [2, 4], [2, 5], [2, 6], [2, 7], [2, 8], [2, 9], [2, 10], [2, 11], [2, 12], [2, 13], [2, 14], [2, 15], [3, 0], [3, 1], [3, 2], [3, 4], [3, 5], [3, 6], [3, 7], [3, 8], [3, 9], [3, 10], [3, 11], [3, 12], [3, 13], [3, 14], [3, 15], [4, 0], [4, 1], [4, 2], [4, 3], [4, 5], [4, 6], [4, 7], [4, 8], [4, 9], [4, 10], [4, 11], [4, 12], [4, 13], [4, 14], [4, 15], [5, 0], [5, 1], [5, 2], [5, 3], [5, 4], [5, 6], [5, 7], [5, 8], [5, 9], [5, 10], [5, 11], [5, 12], [5, 13], [5, 14], [5, 15], [6, 0], [6, 1], [6, 2], [6, 3], [6, 4], [6, 5], [6, 7], [6, 8], [6, 9], [6, 10], [6, 11], [6, 12], [6, 13], [6, 14], [6, 15], [7, 0], [7, 1], [7, 2], [7, 3], [7, 4], [7, 5], [7, 6], [7, 8], [7, 9], [7, 10], [7, 11], [7, 12], [7, 13], [7, 14], [7, 15], [8, 0], [8, 1], [8, 2], [8, 3], [8, 4], [8, 5], [8, 6], [8, 7], [8, 9], [8, 10], [8, 11], [8, 12], [8, 13], [8, 14], [8, 15], [9, 0], [9, 1], [9, 2], [9, 3], [9, 4], [9, 5], [9, 6], [9, 7], [9, 8], [9, 10], [9, 11], [9, 12], [9, 14], [10, 0], [10, 1], [10, 2], [10, 3], [10, 4], [10, 5], [10, 6], [10, 7], [10, 8], [10, 9], [10, 11], [10, 14], [10, 15], [11, 0], [11, 1], [11, 2], [11, 3], [11, 4], [11, 5], [11, 6], [11, 7], [11, 8], [11, 9], [11, 10], [11, 12], [11, 13], [11, 14], [11, 15], [12, 0], [12, 1], [12, 2], [12, 3], [12, 4], [12, 5], [12, 6], [12, 7], [12, 8], [12, 9], [12, 11], [12, 13], [12, 14], [12, 15], [13, 0], [13, 1], [13, 2], [13, 3], [13, 4], [13, 5], [13, 6], [13, 7], [13, 8], [13, 11], [13, 12], [13, 14], [13, 15], [14, 0], [14, 1], [14, 2], [14, 3], [14, 4], [14, 5], [14, 6], [14, 7], [14, 8], [14, 9], [14, 10], [14, 11], [14, 12], [14, 13], [14, 15], [15, 0], [15, 1], [15, 2], [15, 3], [15, 4], [15, 5], [15, 6], [15, 7], [15, 8], [15, 10], [15, 11], [15, 12], [15, 13], [15, 14]], "edges_features": [[1.5544259548187256], [2.1335973739624023], [3.4107766151428223], [3.607926845550537], [2.8730063438415527], [1.5406666994094849], [2.133589744567871], [3.410773277282715], [1.09182608127594], [1.0918262004852295], [2.532658338546753], [4.379152297973633], [4.649825096130371], [2.5326449871063232], [4.379148006439209], [1.5544259548187256], [1.563097596168518], [2.5996241569519043], [3.3211724758148193], [3.2401652336120605], [1.9113657474517822], [1.563097357749939], [2.5996296405792236], [2.225959062576294], [2.225959539413452], [2.2482945919036865], [3.4242498874664307], [4.393792152404785], [2.248295307159424], [3.424258232116699], [2.1335973739624023], [1.563097596168518], [1.5032718181610107], [2.3766279220581055], [2.428053855895996], [1.531182885169983], [2.052273750305176], [2.3191158771514893], [2.4810938835144043], [3.142108678817749], [1.0882041454315186], [2.3155734539031982], [3.378965139389038], [3.093895196914673], [3.3135359287261963], [3.4107766151428223], [2.5996241569519043], [1.5032718181610107], [1.5377390384674072], [2.4673781394958496], [2.288456439971924], [2.3191120624542236], [1.519515872001648], [3.9376883506774902], [4.27287483215332], [2.264442205429077], [1.0804823637008667], [2.3245480060577393], [3.367225408554077], [2.307978391647339], [3.607926845550537], [3.3211724758148193], [2.3766279220581055], [1.5377390384674072], [1.4322539567947388], [2.102959156036377], [2.3766348361968994], [1.5377393960952759], [4.276205062866211], [4.2762064933776855], [3.1927876472473145], [2.3149781227111816], [1.0805513858795166], [3.1927967071533203], [2.3149776458740234], [2.8730063438415527], [3.2401652336120605], [2.428053855895996], [2.4673781394958496], [1.4322539567947388], [1.4103838205337524], [2.4280545711517334], [2.4673707485198975], [3.4584662914276123], [3.458467721939087], [3.084796667098999], [3.4108641147613525], [2.113161563873291], [3.0847957134246826], [3.410853385925293], [1.5406666994094849], [1.9113657474517822], [1.531182885169983], [2.288456439971924], [2.102959156036377], [1.4103838205337524], [1.5311819314956665], [2.2884528636932373], [2.2732746601104736], [2.2732765674591064], [2.298959970474243], [3.3438937664031982], [3.119290351867676], [2.298957347869873], [3.3438894748687744], [2.133589744567871], [1.563097357749939], [2.052273750305176], [2.3191120624542236], [2.3766348361968994], [2.4280545711517334], [1.5311819314956665], [1.5032721757888794], [3.1421022415161133], [2.481083869934082], [3.093895196914673], [3.3135299682617188], [3.378974676132202], [1.0882041454315186], [2.31557297706604], [3.410773277282715], [2.5996296405792236], [2.3191158771514893], [1.519515872001648], [1.5377393960952759], [2.4673707485198975], [2.2884528636932373], [1.5032721757888794], [4.272875785827637], [3.9376797676086426], [3.3672292232513428], [2.3079779148101807], [2.324549913406372], [2.2644405364990234], [1.0804823637008667], [1.09182608127594], [2.225959062576294], [2.4810938835144043], [3.9376883506774902], [4.276205062866211], [3.4584662914276123], [2.2732746601104736], [3.1421022415161133], [4.272875785827637], [1.8111741542816162], [2.3890280723571777], [4.790507793426514], [3.6207659244537354], [1.0918262004852295], [2.225959539413452], [3.142108678817749], [4.27287483215332], [4.2762064933776855], [3.458467721939087], [2.2732765674591064], [2.481083869934082], [3.9376797676086426], [1.8111741542816162], [3.620778799057007], [2.3890089988708496], [4.7904953956604], [2.532658338546753], [2.2482945919036865], [1.0882041454315186], [2.264442205429077], [3.1927876472473145], [3.084796667098999], [2.298959970474243], [3.093895196914673], [3.3672292232513428], [2.3890280723571777], [3.620778799057007], [2.755049467086792], [4.081936359405518], [4.0871734619140625], [4.333359241485596], [4.379152297973633], [3.4242498874664307], [2.3155734539031982], [1.0804823637008667], [2.3149781227111816], [3.4108641147613525], [3.3438937664031982], [3.3135299682617188], [2.3079779148101807], [4.790507793426514], [2.755049467086792], [2.7403154373168945], [4.333352565765381], [2.737267017364502], [4.649825096130371], [4.393792152404785], [3.378965139389038], [2.3245480060577393], [1.0805513858795166], [2.113161563873291], [3.119290351867676], [3.378974676132202], [2.324549913406372], [4.081936359405518], [2.7403154373168945], [4.0819501876831055], [2.7403171062469482], [2.5326449871063232], [2.248295307159424], [3.093895196914673], [3.367225408554077], [3.1927967071533203], [3.0847957134246826], [2.298957347869873], [1.0882041454315186], [2.2644405364990234], [3.6207659244537354], [2.3890089988708496], [4.0871734619140625], [4.333352565765381], [4.0819501876831055], [2.7550458908081055], [4.379148006439209], [3.424258232116699], [3.3135359287261963], [2.307978391647339], [2.3149776458740234], [3.410853385925293], [3.3438894748687744], [2.31557297706604], [1.0804823637008667], [4.7904953956604], [4.333359241485596], [2.737267017364502], [2.7403171062469482], [2.7550458908081055]], "num_edges": 232, "targets": [-64.71000671386719], "H_": -70.39495849609375}